"15000",
"15001","select * where {     <http://dbpedia.org/resource/Ganges>   <http://dbpedia.org/ontology/sourceCountry>   ?v0.  }| select * where {     ?v0   <http://dbpedia.org/ontology/sourceCountry>   <http://dbpedia.org/resource/Ganges>.  }"|
"15002",
"15003",
"15004","select * where {     <http://dbpedia.org/resource/John_F._Kenedy>   <http://dbpedia.org/ontology/vicePresident>   ?v0.  }| select * where {     ?v0   <http://dbpedia.org/ontology/vicePresident>   <http://dbpedia.org/resource/John_F._Kenedy>.  }"|
"15005","select * where {     <http://dbpedia.org/resource/Berlin>   <http://dbpedia.org/ontology/leader>   ?v0.  }"|
"15006","select * where {     <http://dbpedia.org/resource/VU_University_Amsterdam>   <http://dbpedia.org/ontology/numberOfStudents>   ?l0.  }"|
"15007","select * where {     ?v0   a   <http://dbpedia.org/ontology/Mountain>.    ?v0   <http://dbpedia.org/ontology/elevation>   ?l0.  }"|
"15008",
"15009",
"15010",
"15011",
"15012",
"15013",
"15014","select * where {     ?v0   <http://dbpedia.org/ontology/product>   <http://dbpedia.org/resource/Orangina>.  }"|
"15015","select * where {     ?v0   a   <http://dbpedia.org/ontology/FormulaOneRacer>.    ?v0   <http://dbpedia.org/ontology/races>   ?l0.  }"|
"15016",
"15017",
"15018","select * where {     <http://dbpedia.org/resource/The_Prodigy>   <http://dbpedia.org/ontology/bandMember>   ?v0.  }| select * where {     ?v0   <http://dbpedia.org/ontology/bandMember>   <http://dbpedia.org/resource/The_Prodigy>.  }"|
"15019",
"15020",
"15021",
"15022",
"15023",
"15024","select * where {     ?v0   a   <http://dbpedia.org/ontology/Protein>.    <http://dbpedia.org/resource/Proinsulin>    http://dbpedia.org/ontology/wikiPageWikiLink    ?v0.  }"|
"15025","select * where {     <http://dbpedia.org/resource/Michael_Jordan>   <http://dbpedia.org/ontology/height>   ?l0.  }"|
"15026","select * where {     <http://dbpedia.org/resource/Canada>   <http://dbpedia.org/ontology/capital>   ?v0.  }| select * where {     ?v0   <http://dbpedia.org/ontology/capital>   <http://dbpedia.org/resource/Canada>.  }"|
"15027",
"15028",
"15029",
"15030",
"15031","select * where {     <http://dbpedia.org/resource/Turkmenistan>   <http://dbpedia.org/ontology/language>   ?v0.  }"|
"15032",
"15033","select * where {     <http://dbpedia.org/resource/Francis_Ford_Copola>   <http://dbpedia.org/ontology/director>   ?v1.    ?v0   a   <http://dbpedia.org/ontology/Film>.   { <http://dbpedia.org/resource/Francis_Ford_Copola>  <http://dbpedia.org/ontology/product>  ?v0.  } UNION  { <http://dbpedia.org/resource/Francis_Ford_Copola>  <http://dbpedia.org/ontology/artist>  ?v0.  } UNION  { <http://dbpedia.org/resource/Francis_Ford_Copola>  <http://dbpedia.org/ontology/ingredient>  ?v0.  } UNION  { <http://dbpedia.org/resource/Francis_Ford_Copola>  <http://dbpedia.org/ontology/campus>  ?v0.  } UNION  { <http://dbpedia.org/resource/Francis_Ford_Copola>  <http://dbpedia.org/ontology/profession>  ?v0.  } UNION  { <http://dbpedia.org/resource/Francis_Ford_Copola>  <http://dbpedia.org/ontology/openingFilm>  ?v0.  } UNION  { <http://dbpedia.org/resource/Francis_Ford_Copola>  <http://dbpedia.org/ontology/deathCause>  ?v0.  } UNION  { <http://dbpedia.org/resource/Francis_Ford_Copola>  <http://dbpedia.org/ontology/literaryGenre>  ?v0.  } UNION  { <http://dbpedia.org/resource/Francis_Ford_Copola>  <http://dbpedia.org/ontology/movement>  ?v0.  } UNION  { <http://dbpedia.org/resource/Francis_Ford_Copola>  <http://dbpedia.org/ontology/residence>  ?v0.  } UNION  { <http://dbpedia.org/resource/Francis_Ford_Copola>  <http://dbpedia.org/ontology/service>  ?v0.  } UNION  { <http://dbpedia.org/resource/Francis_Ford_Copola>  <http://dbpedia.org/ontology/film>  ?v0.  } UNION  { <http://dbpedia.org/resource/Francis_Ford_Copola>  <http://dbpedia.org/ontology/knownFor>  ?v0.  } UNION  { <http://dbpedia.org/resource/Francis_Ford_Copola>  <http://dbpedia.org/ontology/portrayer>  ?v0.  } UNION  { <http://dbpedia.org/resource/Francis_Ford_Copola>  <http://dbpedia.org/ontology/lastAppearance>  ?v0.  } UNION  { <http://dbpedia.org/resource/Francis_Ford_Copola>  <http://dbpedia.org/ontology/field>  ?v0.  } UNION  { <http://dbpedia.org/resource/Francis_Ford_Copola>  <http://dbpedia.org/ontology/industry>  ?v0.  } UNION  { <http://dbpedia.org/resource/Francis_Ford_Copola>  <http://dbpedia.org/ontology/nonFictionSubject>  ?v0.  } UNION  { <http://dbpedia.org/resource/Francis_Ford_Copola>  <http://dbpedia.org/ontology/closingFilm>  ?v0.  } UNION  { <http://dbpedia.org/resource/Francis_Ford_Copola>  <http://dbpedia.org/ontology/education>  ?v0.  } UNION  { <http://dbpedia.org/resource/Francis_Ford_Copola>  <http://dbpedia.org/ontology/mediaType>  ?v0.  }   }| select * where {     ?v0   a   <http://dbpedia.org/ontology/Film>.    <http://dbpedia.org/resource/Francis_Ford_Copola>   <http://dbpedia.org/ontology/director>   ?v1.   { ?v0  <http://dbpedia.org/ontology/director>  ?v1.  } UNION  { ?v0  <http://dbpedia.org/ontology/makeupArtist>  ?v1.  } UNION  { ?v0  <http://dbpedia.org/ontology/setDesigner>  ?v1.  } UNION  { ?v0  <http://dbpedia.org/ontology/specialEffects>  ?v1.  } UNION  { ?v0  <http://dbpedia.org/ontology/associatedMusicalArtist>  ?v1.  } UNION  { ?v0  <http://dbpedia.org/ontology/producer>  ?v1.  } UNION  { ?v0  <http://dbpedia.org/ontology/president>  ?v1.  } UNION  { ?v0  <http://dbpedia.org/ontology/keyPerson>  ?v1.  } UNION  { ?v0  <http://dbpedia.org/ontology/narrator>  ?v1.  } UNION  { ?v0  <http://dbpedia.org/ontology/executiveProducer>  ?v1.  } UNION  { ?v0  <http://dbpedia.org/ontology/chairman>  ?v1.  } UNION  { ?v0  <http://dbpedia.org/ontology/composer>  ?v1.  } UNION  { ?v0  <http://dbpedia.org/ontology/designer>  ?v1.  } UNION  { ?v0  <http://dbpedia.org/ontology/costumeDesigner>  ?v1.  } UNION  { ?v0  <http://dbpedia.org/ontology/cinematography>  ?v1.  } UNION  { ?v0  <http://dbpedia.org/ontology/editing>  ?v1.  }   }| select * where {     <http://dbpedia.org/resource/Francis_Ford_Copola>   <http://dbpedia.org/ontology/director>   ?v1.    ?v0   a   <http://dbpedia.org/ontology/Film>.   { ?v1  <http://dbpedia.org/ontology/significantProject>  ?v0.  } UNION  { ?v1  <http://dbpedia.org/ontology/knownFor>  ?v0.  } UNION  { ?v1  <http://dbpedia.org/ontology/portrayer>  ?v0.  } UNION  { ?v1  <http://dbpedia.org/ontology/profession>  ?v0.  } UNION  { ?v1  <http://dbpedia.org/ontology/lastAppearance>  ?v0.  } UNION  { ?v1  <http://dbpedia.org/ontology/field>  ?v0.  } UNION  { ?v1  <http://dbpedia.org/ontology/deathCause>  ?v0.  } UNION  { ?v1  <http://dbpedia.org/ontology/education>  ?v0.  } UNION  { ?v1  <http://dbpedia.org/ontology/movement>  ?v0.  } UNION  { ?v1  <http://dbpedia.org/ontology/residence>  ?v0.  }   }| select * where {     ?v0   a   <http://dbpedia.org/ontology/Film>.    ?v0   <http://dbpedia.org/ontology/director>   <http://dbpedia.org/resource/Francis_Ford_Copola>.  }"|
"15034",
"15035",
"15036",
"15037",
"15038","select * where {     <http://dbpedia.org/resource/Jane_Fonda>   <http://dbpedia.org/ontology/spouse>   ?v0.  }| select * where {     ?v0   <http://dbpedia.org/ontology/spouse>   <http://dbpedia.org/resource/Jane_Fonda>.  }"|
"15039",
"15040",
"15041","select * where {     <http://dbpedia.org/resource/Minecraft>   <http://dbpedia.org/ontology/developer>   ?v0.  }"|
"15042",
"15043",
"15044","select * where {     <http://dbpedia.org/resource/Maribor>   <http://dbpedia.org/ontology/populationTotal>   ?l0.  }"|
"15045",
"15046","select * where {     <http://dbpedia.org/resource/Claudia_Schifer>   <http://dbpedia.org/ontology/height>   ?l0.  }"|
"15047","select * where {     ?v0   <http://dbpedia.org/ontology/publisher>   <http://dbpedia.org/resource/GMT_Games>.  }"|
"15048","select * where {     <http://dbpedia.org/resource/Intel>   <http://dbpedia.org/ontology/foundedBy>   ?v0.  }| select * where {     ?v0   <http://dbpedia.org/ontology/foundedBy>   <http://dbpedia.org/resource/Intel>.  }"|
"15049",
"15050",
"15051","select * where {     <http://dbpedia.org/resource/Weser>   <http://dbpedia.org/ontology/city>   ?v0.  }| select * where {     ?v0   <http://dbpedia.org/ontology/city>   <http://dbpedia.org/resource/Weser>.  }"|
"15052","select * where {     ?v0   a   <http://dbpedia.org/ontology/Country>.   { <http://dbpedia.org/resource/Rhine>  <http://dbpedia.org/ontology/sourceCountry>  ?v0.  } UNION  { <http://dbpedia.org/resource/Rhine>  <http://dbpedia.org/ontology/mouthCountry>  ?v0.  } UNION  { <http://dbpedia.org/resource/Rhine>  <http://dbpedia.org/ontology/wikiPageWikiLink>  ?v0.  } UNION  { <http://dbpedia.org/resource/Rhine>  <http://dbpedia.org/ontology/state>  ?v0.  } UNION  { <http://dbpedia.org/resource/Rhine>  <http://dbpedia.org/ontology/country>  ?v0.  }   }| select * where {     ?v0   a   <http://dbpedia.org/ontology/Country>.   { ?v0  <http://dbpedia.org/ontology/lessPopulousCountry>  <http://dbpedia.org/resource/Rhine>.  } UNION  { ?v0  <http://dbpedia.org/ontology/location>  <http://dbpedia.org/resource/Rhine>.  } UNION  { ?v0  <http://dbpedia.org/ontology/richestCountry>  <http://dbpedia.org/resource/Rhine>.  } UNION  { ?v0  <http://dbpedia.org/ontology/city>  <http://dbpedia.org/resource/Rhine>.  } UNION  { ?v0  <http://dbpedia.org/ontology/twinCountry>  <http://dbpedia.org/resource/Rhine>.  } UNION  { ?v0  <http://dbpedia.org/ontology/origin>  <http://dbpedia.org/resource/Rhine>.  } UNION  { ?v0  <http://dbpedia.org/ontology/part>  <http://dbpedia.org/resource/Rhine>.  } UNION  { ?v0  <http://dbpedia.org/ontology/region>  <http://dbpedia.org/resource/Rhine>.  } UNION  { ?v0  <http://dbpedia.org/ontology/state>  <http://dbpedia.org/resource/Rhine>.  } UNION  { ?v0  <http://dbpedia.org/ontology/lessPopulatedCountry>  <http://dbpedia.org/resource/Rhine>.  } UNION  { ?v0  <http://dbpedia.org/ontology/locationCountry>  <http://dbpedia.org/resource/Rhine>.  } UNION  { ?v0  <http://dbpedia.org/ontology/poorestCountry>  <http://dbpedia.org/resource/Rhine>.  } UNION  { ?v0  <http://dbpedia.org/ontology/mostPopulousCountry>  <http://dbpedia.org/resource/Rhine>.  } UNION  { ?v0  <http://dbpedia.org/ontology/mostPopulatedCountry>  <http://dbpedia.org/resource/Rhine>.  } UNION  { ?v0  <http://dbpedia.org/ontology/country>  <http://dbpedia.org/resource/Rhine>.  }   }"|
"15053",
"15054",
"15055",
"15056",
"15057","select * where {     <http://dbpedia.org/resource/Gofy>   <http://dbpedia.org/ontology/creator>   ?v0.  }| select * where {     ?v0   <http://dbpedia.org/ontology/creator>   <http://dbpedia.org/resource/Gofy>.  }"|
"15058",
"15059","select * where {     ?v0   a   <http://dbpedia.org/ontology/Island>.    <http://dbpedia.org/resource/Japan>   <http://dbpedia.org/ontology/country>   ?v1.   { ?v0  <http://www.w3.org/2002/07/owl#differentFrom>  <http://dbpedia.org/resource/Japan>.  } UNION  { ?v0  <http://dbpedia.org/ontology/location>  <http://dbpedia.org/resource/Japan>.  } UNION  { ?v0  <http://dbpedia.org/ontology/wikiPageWikiLink>  <http://dbpedia.org/resource/Japan>.  } UNION  { ?v0  <http://dbpedia.org/property/stateParty>  <http://dbpedia.org/resource/Japan>.  } UNION  { ?v0  <http://www.w3.org/2000/01/rdf-schema#seeAlso>  <http://dbpedia.org/resource/Japan>.  } UNION  { ?v0  <http://dbpedia.org/ontology/country>  <http://dbpedia.org/resource/Japan>.  }   }| select * where {     <http://dbpedia.org/resource/Japan>   <http://dbpedia.org/ontology/country>   ?v1.    ?v0   a   <http://dbpedia.org/ontology/Island>.   { <http://dbpedia.org/resource/Japan>  <http://dbpedia.org/ontology/majorIsland>  ?v0.  } UNION  { <http://dbpedia.org/resource/Japan>  <http://dbpedia.org/ontology/island>  ?v0.  } UNION  { <http://dbpedia.org/resource/Japan>  <http://dbpedia.org/ontology/leftChild>  ?v0.  } UNION  { <http://dbpedia.org/resource/Japan>  <http://dbpedia.org/ontology/rightChild>  ?v0.  } UNION  { <http://dbpedia.org/resource/Japan>  <http://dbpedia.org/ontology/map>  ?v0.  }   }| select * where {     ?v0   a   <http://dbpedia.org/ontology/Island>.    <http://dbpedia.org/resource/Japan>   <http://dbpedia.org/ontology/country>   ?v1.   { ?v0  <http://dbpedia.org/ontology/governmentCountry>  ?v1.  } UNION  { ?v0  <http://dbpedia.org/ontology/managementCountry>  ?v1.  } UNION  { ?v0  <http://dbpedia.org/ontology/locationCountry>  ?v1.  } UNION  { ?v0  <http://dbpedia.org/ontology/capitalCountry>  ?v1.  } UNION  { ?v0  <http://dbpedia.org/ontology/country>  ?v1.  }   }| select * where {     ?v0   a   <http://dbpedia.org/ontology/Island>.    ?v0   <http://dbpedia.org/ontology/country>   <http://dbpedia.org/resource/Japan>.  }"|
"15060",
"15061",
"15062",
"15063",
"15064",
"15065",
"15066",
"15067",
"15068",
"15069",
"15070","select * where {     <http://dbpedia.org/resource/Soyuz_programe>   ?p   ?v0.  }"|
"15071","select * where {     <http://dbpedia.org/resource/Socrates>   <http://dbpedia.org/ontology/influenced>   <http://dbpedia.org/resource/Aristotle>.  }| select * where {     <http://dbpedia.org/resource/Aristotle>   <http://dbpedia.org/ontology/influenced>   <http://dbpedia.org/resource/Socrates>.  }"|
"15072","select * where {     ?v0   a   <http://dbpedia.org/ontology/Film>.    <http://dbpedia.org/resource/Denmark>   <http://dbpedia.org/ontology/country>   ?v1.   { ?v0  <http://dbpedia.org/ontology/nationality>  <http://dbpedia.org/resource/Denmark>.  } UNION  { ?v0  <http://dbpedia.org/ontology/language>  <http://dbpedia.org/resource/Denmark>.  } UNION  { ?v0  <http://dbpedia.org/ontology/wikiPageWikiLink>  <http://dbpedia.org/resource/Denmark>.  } UNION  { ?v0  <http://dbpedia.org/ontology/stateOfOrigin>  <http://dbpedia.org/resource/Denmark>.  } UNION  { ?v0  <http://dbpedia.org/ontology/deathPlace>  <http://dbpedia.org/resource/Denmark>.  } UNION  { ?v0  <http://dbpedia.org/ontology/country>  <http://dbpedia.org/resource/Denmark>.  } UNION  { ?v0  <http://dbpedia.org/ontology/birthPlace>  <http://dbpedia.org/resource/Denmark>.  }   }| select * where {     <http://dbpedia.org/resource/Denmark>   <http://dbpedia.org/ontology/country>   ?v1.    ?v0   a   <http://dbpedia.org/ontology/Film>.    <http://dbpedia.org/resource/Denmark>    http://dbpedia.org/ontology/railwayRollingStock    ?v0.  }| select * where {     ?v0   a   <http://dbpedia.org/ontology/Film>.    <http://dbpedia.org/resource/Denmark>   <http://dbpedia.org/ontology/country>   ?v1.   { ?v0  <http://dbpedia.org/ontology/locationCountry>  ?v1.  } UNION  { ?v0  <http://dbpedia.org/ontology/country>  ?v1.  }   }| select * where {     ?v0   a   <http://dbpedia.org/ontology/Film>.    ?v0   <http://dbpedia.org/ontology/country>   <http://dbpedia.org/resource/Denmark>.  }"|
"15073","select * where {     ?v0   a   <http://dbpedia.org/ontology/LaunchPad>.    ?v0   <http://dbpedia.org/ontology/operator>   <http://dbpedia.org/resource/NASA>.  }"|
"15074","select * where {     <http://dbpedia.org/resource/Cat_Stevens>   <http://dbpedia.org/ontology/instrument>   ?v0.  }"|
"15075",
"15076","select * where {     <http://dbpedia.org/resource/Juan_Carlos_I_of_Spain>   <http://dbpedia.org/ontology/spouse>   ?v0.    <http://dbpedia.org/resource/Juan_Carlos_I_of_Spain>   <http://dbpedia.org/ontology/parent>   ?v0.  }| select * where {     <http://dbpedia.org/resource/Juan_Carlos_I_of_Spain>   <http://dbpedia.org/ontology/spouse>   ?v0.    ?v0   <http://dbpedia.org/ontology/parent>   <http://dbpedia.org/resource/Juan_Carlos_I_of_Spain>.  }| select * where {     ?v0   <http://dbpedia.org/ontology/spouse>   <http://dbpedia.org/resource/Juan_Carlos_I_of_Spain>.    <http://dbpedia.org/resource/Juan_Carlos_I_of_Spain>   <http://dbpedia.org/ontology/parent>   ?v0.  }| select * where {     ?v0   <http://dbpedia.org/ontology/spouse>   <http://dbpedia.org/resource/Juan_Carlos_I_of_Spain>.    ?v0   <http://dbpedia.org/ontology/parent>   <http://dbpedia.org/resource/Juan_Carlos_I_of_Spain>.  }"|
"15077",
"15078","select * where {     <http://dbpedia.org/resource/Nikola_Tesla>   <http://dbpedia.org/ontology/award>   <http://dbpedia.org/resource/Nobel_Prize_in_Physics>.  }"|
"15079",
"15080","select * where {     <http://dbpedia.org/resource/Tom_Hanks>   <http://dbpedia.org/ontology/spouse>   <http://dbpedia.org/resource/Rita_Wilson>.  }| select * where {     <http://dbpedia.org/resource/Rita_Wilson>   <http://dbpedia.org/ontology/spouse>   <http://dbpedia.org/resource/Tom_Hanks>.  }"|
"15081",
"15082",
"15083","select * where {     <http://dbpedia.org/resource/Benjamin_Franklin>   <http://dbpedia.org/ontology/child>   ?v0.  }| select * where {     ?v0   <http://dbpedia.org/ontology/child>   <http://dbpedia.org/resource/Benjamin_Franklin>.  }"|
"15084","select * where {     <http://dbpedia.org/resource/Michael_Jackson>   <http://dbpedia.org/ontology/deathDate>   ?l0.  }"|
"15085",
"15086","select * where {     <http://dbpedia.org/resource/Margaret_Thatcher>   <http://dbpedia.org/ontology/child>   ?v0.  }| select * where {     ?v0   <http://dbpedia.org/ontology/child>   <http://dbpedia.org/resource/Margaret_Thatcher>.  }"|
"15087",
"15088",
"15089",
"15090","select * where {     <http://dbpedia.org/resource/The_Scream>   <http://dbpedia.org/ontology/museum>   ?v0.  }"|
"15091",
"15092",
"15093",
"15094","select * where {     <http://dbpedia.org/resource/Mount_Everest>   <http://dbpedia.org/ontology/elevation>   ?l0.  }"|
"15095",
"15096","select * where {     <http://dbpedia.org/resource/Australia>   <http://dbpedia.org/ontology/capital>   ?v0.    <http://dbpedia.org/resource/Australia>   <http://dbpedia.org/ontology/populationTotal>   ?l0.  }| select * where {     <http://dbpedia.org/resource/Australia>   <http://dbpedia.org/ontology/capital>   ?v0.    ?v0   <http://dbpedia.org/ontology/populationTotal>   ?l0.  }| select * where {     ?v0   <http://dbpedia.org/ontology/capital>   <http://dbpedia.org/resource/Australia>.    <http://dbpedia.org/resource/Australia>   <http://dbpedia.org/ontology/populationTotal>   ?l0.  }| select * where {     ?v0   <http://dbpedia.org/ontology/capital>   <http://dbpedia.org/resource/Australia>.    ?v0   <http://dbpedia.org/ontology/populationTotal>   ?l0.  }"|
"15097","select * where {     <http://dbpedia.org/resource/Australia>   <http://dbpedia.org/ontology/largestCity>   ?v0.  }| select * where {     ?v0   <http://dbpedia.org/ontology/largestCity>   <http://dbpedia.org/resource/Australia>.  }"|
"15098","select * where {     <http://dbpedia.org/resource/Harold_and_Maude>   <http://dbpedia.org/ontology/musicComposer>   ?v0.  }"|
"15099",
"15100",
"15101",
"15102",
"15103",
"15104",
"15105",
"15106",
"15107",
"15108","select * where {     ?v0   <http://dbpedia.org/ontology/musicalArtist>   <http://dbpedia.org/resource/Ramones>.    ?v0   <http://dbpedia.org/ontology/bSide>   ?l0.  }"|
"15109",
"15110","select * where {     <http://dbpedia.org/resource/Mify>   <http://dbpedia.org/ontology/creator>   ?v0.    ?v0   <http://dbpedia.org/ontology/nationality>   ?v1.  }| select * where {     ?v0   <http://dbpedia.org/ontology/creator>   <http://dbpedia.org/resource/Mify>.    <http://dbpedia.org/resource/Mify>   <http://dbpedia.org/ontology/nationality>   ?v1.  }"|
"15111",
"15112",
"15113",
"15114",
"15115","select * where {     <http://dbpedia.org/resource/Limerick_Lake>   <http://dbpedia.org/ontology/country>   ?v0.  }| select * where {     ?v0   <http://dbpedia.org/ontology/country>   <http://dbpedia.org/resource/Limerick_Lake>.  }"|
"15116","select * where {     <http://dbpedia.org/resource/John_Clese>   <http://dbpedia.org/ontology/creator>   ?v1.    ?v0   a   <http://dbpedia.org/ontology/TelevisionShow>.   { <http://dbpedia.org/resource/John_Clese>  <http://dbpedia.org/ontology/operatingSystem>  ?v0.  } UNION  { <http://dbpedia.org/resource/John_Clese>  <http://dbpedia.org/ontology/license>  ?v0.  } UNION  { <http://dbpedia.org/resource/John_Clese>  <http://dbpedia.org/ontology/artist>  ?v0.  } UNION  { <http://dbpedia.org/resource/John_Clese>  <http://dbpedia.org/ontology/computingPlatform>  ?v0.  } UNION  { <http://dbpedia.org/resource/John_Clese>  <http://dbpedia.org/ontology/cpu>  ?v0.  } UNION  { <http://dbpedia.org/resource/John_Clese>  <http://dbpedia.org/ontology/programmingLanguage>  ?v0.  } UNION  { <http://dbpedia.org/resource/John_Clese>  <http://dbpedia.org/ontology/nonFictionSubject>  ?v0.  } UNION  { <http://dbpedia.org/resource/John_Clese>  <http://dbpedia.org/ontology/mediaType>  ?v0.  } UNION  { <http://dbpedia.org/resource/John_Clese>  <http://dbpedia.org/ontology/show>  ?v0.  } UNION  { <http://dbpedia.org/resource/John_Clese>  <http://dbpedia.org/ontology/literaryGenre>  ?v0.  } UNION  { <http://dbpedia.org/resource/John_Clese>  <http://dbpedia.org/ontology/gameEngine>  ?v0.  } UNION  { <http://dbpedia.org/resource/John_Clese>  <http://dbpedia.org/ontology/academicDiscipline>  ?v0.  }   }| select * where {     ?v0   a   <http://dbpedia.org/ontology/TelevisionShow>.    <http://dbpedia.org/resource/John_Clese>   <http://dbpedia.org/ontology/creator>   ?v1.   { ?v0  <http://dbpedia.org/ontology/director>  ?v1.  } UNION  { ?v0  <http://dbpedia.org/ontology/leader>  ?v1.  } UNION  { ?v0  <http://dbpedia.org/ontology/voice>  ?v1.  } UNION  { ?v0  <http://dbpedia.org/ontology/coProducer>  ?v1.  } UNION  { ?v0  <http://dbpedia.org/ontology/associatedMusicalArtist>  ?v1.  } UNION  { ?v0  <http://dbpedia.org/ontology/storyEditor>  ?v1.  } UNION  { ?v0  <http://dbpedia.org/ontology/commander>  ?v1.  } UNION  { ?v0  <http://dbpedia.org/ontology/producer>  ?v1.  } UNION  { ?v0  <http://dbpedia.org/ontology/coExecutiveProducer>  ?v1.  } UNION  { ?v0  <http://dbpedia.org/ontology/showJudge>  ?v1.  } UNION  { ?v0  <http://dbpedia.org/ontology/president>  ?v1.  } UNION  { ?v0  <http://dbpedia.org/ontology/keyPerson>  ?v1.  } UNION  { ?v0  <http://dbpedia.org/ontology/coach>  ?v1.  } UNION  { ?v0  <http://dbpedia.org/ontology/executiveProducer>  ?v1.  } UNION  { ?v0  <http://dbpedia.org/ontology/currentMember>  ?v1.  } UNION  { ?v0  <http://dbpedia.org/ontology/composer>  ?v1.  } UNION  { ?v0  <http://dbpedia.org/ontology/presenter>  ?v1.  } UNION  { ?v0  <http://dbpedia.org/ontology/creativeDirector>  ?v1.  } UNION  { ?v0  <http://dbpedia.org/ontology/designer>  ?v1.  }   }| select * where {     <http://dbpedia.org/resource/John_Clese>   <http://dbpedia.org/ontology/creator>   ?v1.    ?v0   a   <http://dbpedia.org/ontology/TelevisionShow>.   { ?v1  <http://dbpedia.org/ontology/profession>  ?v0.  } UNION  { ?v1  <http://dbpedia.org/ontology/deathCause>  ?v0.  } UNION  { ?v1  <http://dbpedia.org/ontology/movement>  ?v0.  } UNION  { ?v1  <http://dbpedia.org/ontology/majorShrine>  ?v0.  } UNION  { ?v1  <http://dbpedia.org/ontology/residence>  ?v0.  } UNION  { ?v1  <http://dbpedia.org/ontology/board>  ?v0.  } UNION  { ?v1  <http://dbpedia.org/ontology/notableIdea>  ?v0.  } UNION  { ?v1  <http://dbpedia.org/ontology/significantProject>  ?v0.  } UNION  { ?v1  <http://dbpedia.org/ontology/winsAtLPGA>  ?v0.  } UNION  { ?v1  <http://dbpedia.org/ontology/selection>  ?v0.  } UNION  { ?v1  <http://dbpedia.org/ontology/knownFor>  ?v0.  } UNION  { ?v1  <http://dbpedia.org/ontology/portrayer>  ?v0.  } UNION  { ?v1  <http://dbpedia.org/ontology/lastAppearance>  ?v0.  } UNION  { ?v1  <http://dbpedia.org/ontology/field>  ?v0.  } UNION  { ?v1  <http://dbpedia.org/ontology/philosophicalSchool>  ?v0.  } UNION  { ?v1  <http://dbpedia.org/ontology/winsAtOtherTournaments>  ?v0.  } UNION  { ?v1  <http://dbpedia.org/ontology/education>  ?v0.  }   }| select * where {     ?v0   a   <http://dbpedia.org/ontology/TelevisionShow>.    ?v0   <http://dbpedia.org/ontology/creator>   <http://dbpedia.org/resource/John_Clese>.  }"|
"15117",
"15118",
"15119",
"15120",
"15121",
"15122","select * where {     <http://dbpedia.org/resource/Douglas_Hofstadter>   <http://dbpedia.org/ontology/award>   ?v0.  }"|
"15123","select * where {     <http://dbpedia.org/resource/Robert_F._Kenedy>   <http://dbpedia.org/ontology/child>   ?v0.    <http://dbpedia.org/resource/Robert_F._Kenedy>   <http://dbpedia.org/ontology/spouse>   ?v0.  }| select * where {     <http://dbpedia.org/resource/Robert_F._Kenedy>   <http://dbpedia.org/ontology/child>   ?v0.    ?v0   <http://dbpedia.org/ontology/spouse>   <http://dbpedia.org/resource/Robert_F._Kenedy>.  }| select * where {     ?v0   <http://dbpedia.org/ontology/child>   <http://dbpedia.org/resource/Robert_F._Kenedy>.    <http://dbpedia.org/resource/Robert_F._Kenedy>   <http://dbpedia.org/ontology/spouse>   ?v0.  }| select * where {     ?v0   <http://dbpedia.org/ontology/child>   <http://dbpedia.org/resource/Robert_F._Kenedy>.    ?v0   <http://dbpedia.org/ontology/spouse>   <http://dbpedia.org/resource/Robert_F._Kenedy>.  }"|
"15124",
"15125",
"15126",
"15127","select * where {     <http://dbpedia.org/resource/Berlin>   <http://dbpedia.org/ontology/areaCode>   ?l0.  }"|
"15128",
"15129","select * where {     <http://dbpedia.org/resource/Rols-Royce_Motors>   <http://dbpedia.org/ontology/owner>   ?v0.  }| select * where {     ?v0   <http://dbpedia.org/ontology/owner>   <http://dbpedia.org/resource/Rols-Royce_Motors>.  }"|
"15130","select * where {     <http://dbpedia.org/resource/Yenisei>   <http://dbpedia.org/ontology/country>   ?v0.  }| select * where {     ?v0   <http://dbpedia.org/ontology/country>   <http://dbpedia.org/resource/Yenisei>.  }"|
"15131",
"15132",
"15133","select * where {     <http://dbpedia.org/resource/Batle_of_Getysburg>   <http://dbpedia.org/ontology/date>   ?l0.  }"|
"15134",
"15135",
"15136",
"15137",
"15138","select * where {     <http://dbpedia.org/resource/Tel_Aviv>   <http://dbpedia.org/ontology/leaderName>   ?v0.  }"|
"15139","select * where {     <http://dbpedia.org/resource/Broklyn_Bridge>   <http://dbpedia.org/ontology/architect>   ?v0.  }| select * where {     ?v0   <http://dbpedia.org/ontology/architect>   <http://dbpedia.org/resource/Broklyn_Bridge>.  }"|
"15140",
"15141","select * where {     <http://dbpedia.org/resource/Frank_Herbert>   <http://dbpedia.org/ontology/deathDate>   ?l0.  }"|
"15142",
"15143","select * where {     <http://dbpedia.org/resource/Forbes>   <http://dbpedia.org/ontology/editor>   ?v0.  }"|
"15144",
"15145",
"15146","select * where {     <http://dbpedia.org/resource/Bruce_Carver>   <http://dbpedia.org/ontology/deathCause>   ?v0.  }| select * where {     ?v0   <http://dbpedia.org/ontology/deathCause>   <http://dbpedia.org/resource/Bruce_Carver>.  }"|
"15147",
"15148","select * where {     ?v0   a   <http://dbpedia.org/ontology/President>.    ?v0   <http://dbpedia.org/ontology/birthDate>   ?l0.  }"|
"15149",
"15150","select * where {     <http://dbpedia.org/resource/Abraham_Lincoln>   <http://dbpedia.org/ontology/spouse>   ?v0.  }| select * where {     ?v0   <http://dbpedia.org/ontology/spouse>   <http://dbpedia.org/resource/Abraham_Lincoln>.  }"|
"15151","select * where {     <http://dbpedia.org/resource/World_of_Warcraft>   <http://dbpedia.org/ontology/developer>   ?v0.  }"|
"15152",
"15153","select * where {     <http://dbpedia.org/resource/The_Sopranos>   <http://dbpedia.org/ontology/series>   ?v0.    <http://dbpedia.org/resource/The_Sopranos>   <http://dbpedia.org/ontology/seasonNumber>   ?l0.  }| select * where {     <http://dbpedia.org/resource/The_Sopranos>   <http://dbpedia.org/ontology/series>   ?v0.    ?v0   <http://dbpedia.org/ontology/seasonNumber>   ?l0.  }| select * where {     ?v0   <http://dbpedia.org/ontology/series>   <http://dbpedia.org/resource/The_Sopranos>.    <http://dbpedia.org/resource/The_Sopranos>   <http://dbpedia.org/ontology/seasonNumber>   ?l0.  }| select * where {     ?v0   <http://dbpedia.org/ontology/series>   <http://dbpedia.org/resource/The_Sopranos>.    ?v0   <http://dbpedia.org/ontology/seasonNumber>   ?l0.  }"|
"15154","select * where {     ?v0   a   <http://dbpedia.org/ontology/Film>.    ?v0   <http://dbpedia.org/ontology/producer>   ?v1.  }"|
"15155",
"15156","select * where {     ?v0   a   <http://dbpedia.org/ontology/City>.    ?v1   <http://dbpedia.org/ontology/deathPlace>   <http://dbpedia.org/resource/John_F._Kenedy>.   { ?v0  <http://dbpedia.org/ontology/highestPlace>  <http://dbpedia.org/resource/John_F._Kenedy>.  } UNION  { ?v0  <http://dbpedia.org/ontology/location>  <http://dbpedia.org/resource/John_F._Kenedy>.  } UNION  { ?v0  <http://dbpedia.org/ontology/homeStadium>  <http://dbpedia.org/resource/John_F._Kenedy>.  } UNION  { ?v0  <http://dbpedia.org/ontology/city>  <http://dbpedia.org/resource/John_F._Kenedy>.  } UNION  { ?v0  <http://dbpedia.org/ontology/lowestPlace>  <http://dbpedia.org/resource/John_F._Kenedy>.  } UNION  { ?v0  <http://dbpedia.org/ontology/part>  <http://dbpedia.org/resource/John_F._Kenedy>.  } UNION  { ?v0  <http://dbpedia.org/ontology/region>  <http://dbpedia.org/resource/John_F._Kenedy>.  } UNION  { ?v0  <http://dbpedia.org/ontology/state>  <http://dbpedia.org/resource/John_F._Kenedy>.  } UNION  { ?v0  <http://dbpedia.org/ontology/lowestMountain>  <http://dbpedia.org/resource/John_F._Kenedy>.  } UNION  { ?v0  <http://dbpedia.org/ontology/locationCountry>  <http://dbpedia.org/resource/John_F._Kenedy>.  } UNION  { ?v0  <http://dbpedia.org/ontology/district>  <http://dbpedia.org/resource/John_F._Kenedy>.  } UNION  { ?v0  <http://dbpedia.org/ontology/province>  <http://dbpedia.org/resource/John_F._Kenedy>.  } UNION  { ?v0  <http://dbpedia.org/ontology/intercommunality>  <http://dbpedia.org/resource/John_F._Kenedy>.  } UNION  { ?v0  <http://dbpedia.org/ontology/county>  <http://dbpedia.org/resource/John_F._Kenedy>.  } UNION  { ?v0  <http://dbpedia.org/ontology/country>  <http://dbpedia.org/resource/John_F._Kenedy>.  } UNION  { ?v0  <http://dbpedia.org/ontology/municipality>  <http://dbpedia.org/resource/John_F._Kenedy>.  }   }| select * where {     ?v1   <http://dbpedia.org/ontology/deathPlace>   <http://dbpedia.org/resource/John_F._Kenedy>.    ?v0   a   <http://dbpedia.org/ontology/City>.   { ?v1  <http://dbpedia.org/ontology/city>  ?v0.  } UNION  { ?v1  <http://dbpedia.org/ontology/profession>  ?v0.  } UNION  { ?v1  <http://dbpedia.org/ontology/citizenship>  ?v0.  } UNION  { ?v1  <http://dbpedia.org/ontology/bodyDiscovered>  ?v0.  } UNION  { ?v1  <http://dbpedia.org/ontology/deathCause>  ?v0.  } UNION  { ?v1  <http://dbpedia.org/ontology/movement>  ?v0.  } UNION  { ?v1  <http://dbpedia.org/ontology/majorShrine>  ?v0.  } UNION  { ?v1  <http://dbpedia.org/ontology/residence>  ?v0.  } UNION  { ?v1  <http://dbpedia.org/ontology/board>  ?v0.  } UNION  { ?v1  <http://dbpedia.org/ontology/significantProject>  ?v0.  } UNION  { ?v1  <http://dbpedia.org/ontology/significantDesign>  ?v0.  } UNION  { ?v1  <http://dbpedia.org/ontology/knownFor>  ?v0.  } UNION  { ?v1  <http://dbpedia.org/ontology/field>  ?v0.  } UNION  { ?v1  <http://dbpedia.org/ontology/education>  ?v0.  }   }| select * where {     ?v0   a   <http://dbpedia.org/ontology/City>.    ?v1   <http://dbpedia.org/ontology/deathPlace>   <http://dbpedia.org/resource/John_F._Kenedy>.   { ?v0  <http://dbpedia.org/ontology/director>  ?v1.  } UNION  { ?v0  <http://dbpedia.org/ontology/leader>  ?v1.  } UNION  { ?v0  <http://dbpedia.org/ontology/deputy>  ?v1.  } UNION  { ?v0  <http://dbpedia.org/ontology/chairman>  ?v1.  } UNION  { ?v0  <http://dbpedia.org/ontology/viceChancellor>  ?v1.  } UNION  { ?v0  <http://dbpedia.org/ontology/designer>  ?v1.  } UNION  { ?v0  <http://dbpedia.org/ontology/associatedMusicalArtist>  ?v1.  } UNION  { ?v0  <http://dbpedia.org/ontology/commander>  ?v1.  } UNION  { ?v0  <http://dbpedia.org/ontology/producer>  ?v1.  } UNION  { ?v0  <http://dbpedia.org/ontology/keyPerson>  ?v1.  }   }| select * where {     ?v0   a   <http://dbpedia.org/ontology/City>.    <http://dbpedia.org/resource/John_F._Kenedy>   <http://dbpedia.org/ontology/deathPlace>   ?v0.  }"|
"15157","select * where {     http://dbpedia.org/ontology/VideoGame   ?p   ?v0.  }"|
"15158",
"15159","select * where {     <http://dbpedia.org/resource/Wikipedia>   <http://dbpedia.org/ontology/author>   ?v0.  }"|
"15160",
"15161",
"15162",
"15163",
"15164",
"15165",
"15166",
"15167","select * where {     <http://dbpedia.org/resource/Abraham_Lincoln>   <http://dbpedia.org/ontology/spouse>   ?v0.  }| select * where {     ?v0   <http://dbpedia.org/ontology/spouse>   <http://dbpedia.org/resource/Abraham_Lincoln>.  }"|
"15168",
"15169",
"15170","select * where {     ?v0   <http://dbpedia.org/ontology/spokenIn>   <http://dbpedia.org/resource/Estonia>.  }"|
"15171","select * where {     <http://dbpedia.org/resource/Aldi>   <http://dbpedia.org/ontology/numberOfLocations>   ?v0.  }"|
"15172",
"15173",
"15174","select * where {     <http://dbpedia.org/resource/Hal_Roach>   <http://dbpedia.org/ontology/producer>   ?v0.  }| select * where {     ?v0   <http://dbpedia.org/ontology/producer>   <http://dbpedia.org/resource/Hal_Roach>.  }"|
"15175",
"15176",
"15177",
"15178",
"15179",
"15180",
"15181",
"15182",
"15183",
"15184",
"15185",
"15186","select * where {     <http://dbpedia.org/resource/The_Pilars_of_the_Earth>   <http://dbpedia.org/ontology/author>   ?v0.  }| select * where {     ?v0   <http://dbpedia.org/ontology/author>   <http://dbpedia.org/resource/The_Pilars_of_the_Earth>.  }"|
"15187",
"15188",
"15189",
"15190","select * where {     <http://dbpedia.org/resource/Capcom>   <http://dbpedia.org/ontology/foundingDate>   ?l0.  }]                                                                                                                                                                                                                                                                                                                                                                                                                                                                                                                                                                                                                                                                                                                                                                                                                                                                                                                                                                                                                                                                                                                                                                                                                                                                                                                                                                                                                                                                                                                                                                                                                                                                                                                                                                                                                                                                                                                                                                                                                                                                                                                                                                                                                                                                                                                                                                                                                                                                                                                                                                                                                                                                                                                                                                                                                                                                                                                                                                                                                                                                                                                                                                                                                                                                                                                                                                                                                                                                                                                                                                                                                                                                                                                                                                                                                                                                                                                                                                                                                                                                                                                                                                                                                                                                                                                                                                                                                                                                                                                                                                                                                                                                                                                                                                                                                                                                                                                                                                                                                                                                                                                                                                                                                                                                                                                                                                                                                                                                                                                                                                                                                                                                                                                                                                                                                                                                                                                                                                                                                                                                                                                                                                                                                                                                                                                                                                                                                                                                                                                                                                                                                                                                                                                                                                                                                                                                                                                                                                                                                                                                                                                                                                                                                                                                                                                                                                                                                                                                                                                                                                                                                                                                                                                                                                                                                                                                                                                                                                                                                                                                                                                                                                                                                                                                                                                                                                                                                                                                                                                                                                                                                                                                                                                                                                                                                                                                                                                                                                                                                                                                                                                                                                                                                                                                                                                                                                                                                                                                                                                                                                                                                                                                                                                                                                                                                                                                                                                                                                                                                                                                                                                                                                                                                                                                                                                                                                                                                                                                                                                                                                                                                                                                                                                                                                                                                                                                                                                                                                                                                                                                                                                                                                                                                                                                                                                                                                                                                                                                                                                                                                                                                                                                                                                                                                                                                                                                                                                                                                                                                                                                                                                                                                                                                                                                                                                                                                                                                                                                                                                                                                                                                                                                                                                                                                                                                                                                                                                                                                                                                                                                                                                                                                                                                                                                                                                                                                                                                                                                                                                                                                                                                                                                                                                                                                                                                                                                                                                                                                                                                                                                                                                                                                                                                                                                                                                                                                                                                                                                                                                                                                                                                                                                                                                                                                                                                                                                                                                                                                                                                                                                                                                                                                                                                                                                                                                                                                                                                                                                                                                                                                                                                                                                                                                                                                                                                                                                                                                                                                                                                                                                                                                                                                                                                                                                                                                                                                                                                                                                                                                                                                                                                                                                                                                                                                                                                                                                                                                                                                                                                                                                                                                                                                                                                                                                                                                                                                                                                                                                                                                                                                                                                                                                                                                                                                                                                                                                                                                                                                                                                                                                                                                                                                                                                                                                                                                                                                                                                                                                                                                                                                                                                                                                                                                                                                                                                                                                                                                                                                                                                                                                                                                                                                                                                                                                                                                                                                                                                                                                                                                                                                                                                                                                                                                                                                                                                                                                                                                                                                                                                                                                                                                                                                                                                                                                                                                                                                                                                                                                                                                                                                                                                                                                                                                                                                                                                                                                                                                                                                                                                                                                                                                                                                                                                                                                                                                                                                                                                                                                                                                                                                                                                                                                                                                                                                                                                                                                                                                                                                                                                                                                                                                                                                                                                                                                                                                                                                                                                                                                                                                                                                                                                                                                                                                                                                                                                                                                                                                                                                                                                                                                                                                                                                                                                                                                                                                                                                                                                                                                                                                                                                                                                                                                                                                                                                                                                                                                                                                                                                                                                                                                                                                                                                                                                                                                                                                                                                                                                                                                                                                                                                                                                                                                                                                                                                                                                                                                                                                                                                                                                                                                                                                                                                                                                                                  finish by exeptionHTTP 500 error making the query: SPARQL Request Failed Connecting step finished size of FinalTemplateList = 0 size of TemporaryTemplateList = 0 list of final templates:   ["|
"15191","select * where {     ?v0   a   <http://dbpedia.org/ontology/Organisation>.    ?v0   <http://dbpedia.org/ontology/formationYear>   ?l0.    ?v0   <http://dbpedia.org/ontology/foundingYear>   ?l1.  }"|
"15192","select * where {     ?v0   a   <http://dbpedia.org/ontology/Mountain>.    ?v0   <http://dbpedia.org/ontology/elevation>   ?l0.  }"|
"15193",
"15194",
"15195",
"15196",
"15197",
"15198",
"15199",
"15200","select * where {     <http://dbpedia.org/resource/Canada>   <http://dbpedia.org/ontology/largestCity>   ?v0.    <http://dbpedia.org/resource/Canada>   <http://dbpedia.org/ontology/populationTotal>   ?l0.  }| select * where {     <http://dbpedia.org/resource/Canada>   <http://dbpedia.org/ontology/largestCity>   ?v0.    ?v0   <http://dbpedia.org/ontology/populationTotal>   ?l0.  }| select * where {     ?v0   <http://dbpedia.org/ontology/largestCity>   <http://dbpedia.org/resource/Canada>.    <http://dbpedia.org/resource/Canada>   <http://dbpedia.org/ontology/populationTotal>   ?l0.  }| select * where {     ?v0   <http://dbpedia.org/ontology/largestCity>   <http://dbpedia.org/resource/Canada>.    ?v0   <http://dbpedia.org/ontology/populationTotal>   ?l0.  }"|
"15201",
"15202","select * where {     <http://dbpedia.org/resource/Mount_Everest>   <http://dbpedia.org/ontology/firstAscentPerson>   ?v0.  }"|
"15203","select * where {     http://dbpedia.org/ontology/ProgramingLanguage   ?p   ?v0.  }"|
"15204",
"15205",
"15206","select * where {     <http://dbpedia.org/resource/The_Thre_Dancers>   <http://dbpedia.org/ontology/author>   ?v0.    ?v0   <http://dbpedia.org/ontology/movement>   <http://dbpedia.org/resource/The_Thre_Dancers>.  }| select * where {     <http://dbpedia.org/resource/The_Thre_Dancers>   <http://dbpedia.org/ontology/author>   ?v0.    ?v1   <http://dbpedia.org/ontology/movement>   ?v0.  }| select * where {     ?v0   <http://dbpedia.org/ontology/author>   <http://dbpedia.org/resource/The_Thre_Dancers>.    <http://dbpedia.org/resource/The_Thre_Dancers>   <http://dbpedia.org/ontology/movement>   ?v0.  }| select * where {     ?v0   <http://dbpedia.org/ontology/author>   <http://dbpedia.org/resource/The_Thre_Dancers>.    ?v1   <http://dbpedia.org/ontology/movement>   <http://dbpedia.org/resource/The_Thre_Dancers>.  }"|
"15207","select * where {     ?v0   a   <http://dbpedia.org/ontology/Animal>.    ?v0   <http://dbpedia.org/ontology/conservationStatus>   ?l0.  }"|
"15208","select * where {     <http://dbpedia.org/resource/Abraham_Lincoln>   <http://dbpedia.org/ontology/deathPlace>   ?v0.  }| select * where {     ?v0   <http://dbpedia.org/ontology/deathPlace>   <http://dbpedia.org/resource/Abraham_Lincoln>.  }"|
"15209","select * where {     http://dbpedia.org/ontology/depth   ?p   ?v0.  }"|
"15210","select * where {     <http://dbpedia.org/resource/Bruce_Le>   <http://dbpedia.org/ontology/child>   ?v0.    <http://dbpedia.org/resource/Bruce_Le>   <http://dbpedia.org/ontology/child>   ?v0.  }| select * where {     <http://dbpedia.org/resource/Bruce_Le>   <http://dbpedia.org/ontology/child>   ?v0.    ?v0   <http://dbpedia.org/ontology/child>   <http://dbpedia.org/resource/Bruce_Le>.  }| select * where {     ?v0   <http://dbpedia.org/ontology/child>   <http://dbpedia.org/resource/Bruce_Le>.    <http://dbpedia.org/resource/Bruce_Le>   <http://dbpedia.org/ontology/child>   ?v0.  }| select * where {     ?v0   <http://dbpedia.org/ontology/child>   <http://dbpedia.org/resource/Bruce_Le>.    ?v0   <http://dbpedia.org/ontology/child>   <http://dbpedia.org/resource/Bruce_Le>.  }"|
"15211",
"15212","select * where {     <http://dbpedia.org/resource/Johan_Sebastian_Bach>   <http://dbpedia.org/ontology/birthPlace>   ?v0.  }| select * where {     ?v0   <http://dbpedia.org/ontology/birthPlace>   <http://dbpedia.org/resource/Johan_Sebastian_Bach>.  }"|
"15213",
"15214",
"15215","select * where {     http://dbpedia.org/ontology/deathCause   ?p   ?v0.  }"|
"15216","select * where {     <http://dbpedia.org/resource/Isar>   <http://dbpedia.org/ontology/inflow>   ?v1.    ?v0   a   <http://dbpedia.org/ontology/Lake>.    <http://dbpedia.org/resource/Isar>    http://dbpedia.org/ontology/wikiPageWikiLink    ?v0.  }| select * where {     <http://dbpedia.org/resource/Isar>   <http://dbpedia.org/ontology/inflow>   ?v1.    ?v0   a   <http://dbpedia.org/ontology/Lake>.    ?v1    http://dbpedia.org/ontology/sourceConfluence    ?v0.  }| select * where {     ?v0   a   <http://dbpedia.org/ontology/Lake>.    <http://dbpedia.org/resource/Isar>   <http://dbpedia.org/ontology/inflow>   ?v1.   { ?v0  <http://dbpedia.org/ontology/outflow>  ?v1.  } UNION  { ?v0  <http://dbpedia.org/ontology/inflow>  ?v1.  }   }| select * where {     ?v0   a   <http://dbpedia.org/ontology/Lake>.    ?v0   <http://dbpedia.org/ontology/inflow>   <http://dbpedia.org/resource/Isar>.  }"|
"15217",
"15218","select * where {     ?v0   a   <http://dbpedia.org/ontology/Writer>.    ?v0   <http://dbpedia.org/ontology/award>   <http://dbpedia.org/resource/Nobel_Prize_in_Literature>.  }"|
"15219","select * where {     ?v0   a   <http://dbpedia.org/ontology/Astronaut>.    ?v0   <http://dbpedia.org/ontology/nationality>   <http://dbpedia.org/resource/China>.  }"|
"15220","select * where {     <http://dbpedia.org/resource/War_and_Peace>   <http://dbpedia.org/ontology/numberOfPages>   ?l0.  }"|
"15221","select * where {     ?v0   a   <http://dbpedia.org/ontology/Bridge>.    ?v0   <http://dbpedia.org/ontology/mainspan>   ?l0.  }"|
"15222",
"15223",
"15224",
"15225",
"15226","select * where {     ?v0   a   <http://dbpedia.org/ontology/Rocket>.    ?v1   <http://dbpedia.org/ontology/launchSite>   <http://dbpedia.org/resource/Baikonur_Cosmodrome>.   { ?v0  <http://dbpedia.org/ontology/wikiPageWikiLink>  <http://dbpedia.org/resource/Baikonur_Cosmodrome>.  } UNION  { ?v0  <http://dbpedia.org/ontology/launchSite>  <http://dbpedia.org/resource/Baikonur_Cosmodrome>.  }   }| select * where {     ?v1   <http://dbpedia.org/ontology/launchSite>   <http://dbpedia.org/resource/Baikonur_Cosmodrome>.    ?v0   a   <http://dbpedia.org/ontology/Rocket>.    ?v1    http://dbpedia.org/ontology/booster    ?v0.  }"|
"15227","select * where {     <http://dbpedia.org/resource/Pope_John_Paul_I>   ?p   ?v0.  }"|
"15228","select * where {     ?v0   a   <http://dbpedia.org/ontology/PoliticalParty>.    <http://dbpedia.org/resource/Netherlands>   <http://dbpedia.org/ontology/country>   ?v1.   { ?v0  <http://dbpedia.org/ontology/headquarter>  <http://dbpedia.org/resource/Netherlands>.  } UNION  { ?v0  <http://dbpedia.org/property/headquarters>  <http://dbpedia.org/resource/Netherlands>.  } UNION  { ?v0  <http://dbpedia.org/ontology/wikiPageWikiLink>  <http://dbpedia.org/resource/Netherlands>.  } UNION  { ?v0  <http://dbpedia.org/property/area>  <http://dbpedia.org/resource/Netherlands>.  } UNION  { ?v0  <http://dbpedia.org/ontology/country>  <http://dbpedia.org/resource/Netherlands>.  } UNION  { ?v0  <http://dbpedia.org/ontology/ideology>  <http://dbpedia.org/resource/Netherlands>.  } UNION  { ?v0  <http://dbpedia.org/property/data>  <http://dbpedia.org/resource/Netherlands>.  }   }| select * where {     <http://dbpedia.org/resource/Netherlands>   <http://dbpedia.org/ontology/country>   ?v1.    ?v0   a   <http://dbpedia.org/ontology/PoliticalParty>.   { <http://dbpedia.org/resource/Netherlands>  <http://dbpedia.org/ontology/leaderParty>  ?v0.  } UNION  { <http://dbpedia.org/resource/Netherlands>  <http://dbpedia.org/ontology/viceLeaderParty>  ?v0.  }   }| select * where {     ?v0   a   <http://dbpedia.org/ontology/PoliticalParty>.    <http://dbpedia.org/resource/Netherlands>   <http://dbpedia.org/ontology/country>   ?v1.   { ?v0  <http://dbpedia.org/ontology/europeanParliamentGroup>  ?v1.  } UNION  { ?v0  <http://dbpedia.org/ontology/locationCountry>  ?v1.  } UNION  { ?v0  <http://dbpedia.org/ontology/internationalAffiliation>  ?v1.  } UNION  { ?v0  <http://dbpedia.org/ontology/youthWing>  ?v1.  } UNION  { ?v0  <http://dbpedia.org/ontology/country>  ?v1.  } UNION  { ?v0  <http://dbpedia.org/ontology/nationalAffiliation>  ?v1.  }   }| select * where {     ?v0   a   <http://dbpedia.org/ontology/PoliticalParty>.    ?v0   <http://dbpedia.org/ontology/country>   <http://dbpedia.org/resource/Netherlands>.  }"|
"15229",
"15230",
"15231","select * where {     ?v0   a   <http://dbpedia.org/ontology/Actor>.    ?v0   <http://dbpedia.org/ontology/birthPlace>   <http://dbpedia.org/resource/Berlin>.  }"|
"15232",
"15233",
"15234","select * where {     ?v0   a   <http://dbpedia.org/ontology/Language>.    ?v0   <http://dbpedia.org/ontology/language>   ?v1.   { ?v0  <http://dbpedia.org/property/state>  <http://dbpedia.org/resource/Colombia>.  } UNION  { ?v0  <http://dbpedia.org/ontology/location>  <http://dbpedia.org/resource/Colombia>.  } UNION  { ?v0  <http://dbpedia.org/ontology/wikiPageWikiLink>  <http://dbpedia.org/resource/Colombia>.  } UNION  { ?v0  <http://dbpedia.org/ontology/spokenIn>  <http://dbpedia.org/resource/Colombia>.  } UNION  { ?v0  <http://dbpedia.org/ontology/country>  <http://dbpedia.org/resource/Colombia>.  }   }| select * where {     ?v0   a   <http://dbpedia.org/ontology/Language>.    ?v0   <http://dbpedia.org/ontology/language>   ?v1.   { <http://dbpedia.org/resource/Colombia>  <http://dbpedia.org/ontology/language>  ?v0.  } UNION  { <http://dbpedia.org/resource/Colombia>  <http://dbpedia.org/ontology/languageRegulator>  ?v0.  } UNION  { <http://dbpedia.org/resource/Colombia>  <http://dbpedia.org/ontology/archipelago>  ?v0.  } UNION  { <http://dbpedia.org/resource/Colombia>  <http://dbpedia.org/ontology/officialLanguage>  ?v0.  } UNION  { <http://dbpedia.org/resource/Colombia>  <http://dbpedia.org/ontology/regionalLanguage>  ?v0.  }   }| select * where {     ?v0   a   <http://dbpedia.org/ontology/Language>.    ?v0   <http://dbpedia.org/ontology/language>   ?v1.   { ?v1  <http://dbpedia.org/property/state>  <http://dbpedia.org/resource/Colombia>.  } UNION  { ?v1  <http://dbpedia.org/ontology/location>  <http://dbpedia.org/resource/Colombia>.  } UNION  { ?v1  <http://dbpedia.org/ontology/wikiPageWikiLink>  <http://dbpedia.org/resource/Colombia>.  } UNION  { ?v1  <http://dbpedia.org/ontology/spokenIn>  <http://dbpedia.org/resource/Colombia>.  } UNION  { ?v1  <http://dbpedia.org/ontology/country>  <http://dbpedia.org/resource/Colombia>.  }   }| select * where {     ?v0   a   <http://dbpedia.org/ontology/Language>.    ?v0   <http://dbpedia.org/ontology/language>   ?v1.   { <http://dbpedia.org/resource/Colombia>  <http://dbpedia.org/ontology/language>  ?v1.  } UNION  { <http://dbpedia.org/resource/Colombia>  <http://dbpedia.org/ontology/languageRegulator>  ?v1.  } UNION  { <http://dbpedia.org/resource/Colombia>  <http://dbpedia.org/ontology/archipelago>  ?v1.  } UNION  { <http://dbpedia.org/resource/Colombia>  <http://dbpedia.org/ontology/officialLanguage>  ?v1.  } UNION  { <http://dbpedia.org/resource/Colombia>  <http://dbpedia.org/ontology/regionalLanguage>  ?v1.  }   }| select * where {     ?v0   a   <http://dbpedia.org/ontology/Language>.    <http://dbpedia.org/resource/Colombia>   <http://dbpedia.org/ontology/language>   ?v0.  }"|
"15235","select * where {     http://dbpedia.org/ontology/abreviation   ?p   ?v0.  }"|
"15236",
"15237",
"15238",
"15239","select * where {     <http://dbpedia.org/resource/Carot_cake>   <http://dbpedia.org/ontology/ingredient>   ?v0.  }| select * where {     ?v0   <http://dbpedia.org/ontology/ingredient>   <http://dbpedia.org/resource/Carot_cake>.  }"|
"15240","select * where {     ?v0   a   <http://dbpedia.org/ontology/Beverage>.   { <http://dbpedia.org/resource/Cola>  <http://dbpedia.org/ontology/wikiPageWikiLink>  ?v0.  } UNION  { <http://dbpedia.org/resource/Cola>  <http://dbpedia.org/property/type>  ?v0.  }   }"|
"15241",
"15242","select * where {     <http://dbpedia.org/resource/Tim_Burton>   <http://dbpedia.org/ontology/director>   ?v0.    <http://dbpedia.org/resource/Tim_Burton>   <http://dbpedia.org/ontology/budget>   ?l0.  }| select * where {     <http://dbpedia.org/resource/Tim_Burton>   <http://dbpedia.org/ontology/director>   ?v0.    ?v0   <http://dbpedia.org/ontology/budget>   ?l0.  }| select * where {     ?v0   <http://dbpedia.org/ontology/director>   <http://dbpedia.org/resource/Tim_Burton>.    <http://dbpedia.org/resource/Tim_Burton>   <http://dbpedia.org/ontology/budget>   ?l0.  }| select * where {     ?v0   <http://dbpedia.org/ontology/director>   <http://dbpedia.org/resource/Tim_Burton>.    ?v0   <http://dbpedia.org/ontology/budget>   ?l0.  }"|
"15243",
"15244",
"15245","select * where {     <http://dbpedia.org/resource/James_Bond>   <http://dbpedia.org/ontology/spouse>   ?v0.  }| select * where {     ?v0   <http://dbpedia.org/ontology/spouse>   <http://dbpedia.org/resource/James_Bond>.  }"|
"15246",
"15247",
"15248",
"15249",
"15250",
"15251",
"15252",
"15253",
"15254","select * where {     ?v0   a   <http://dbpedia.org/ontology/Museum>.    ?v0   <http://dbpedia.org/ontology/location>   <http://dbpedia.org/resource/Paris>.  }| select * where {     ?v0   a   <http://dbpedia.org/ontology/Museum>.    <http://dbpedia.org/resource/Paris>   <http://dbpedia.org/ontology/location>   ?v0.  }"|
"15255","select * where {     ?v0   a   <http://dbpedia.org/ontology/City>.    ?v0   <http://dbpedia.org/ontology/populationTotal>   ?l0.  }"|
"15256","select * where {     ?v0   a   <http://dbpedia.org/ontology/City>.    ?v0   <http://dbpedia.org/ontology/populationTotal>   ?l0.  }"|
"15257",
"15258","select * where {     <http://dbpedia.org/resource/The_Hunger_Games>   <http://dbpedia.org/ontology/author>   ?v0.  }"|
"15259",
"15260",
"15261","select * where {     <http://dbpedia.org/resource/Penguin_Boks>   <http://dbpedia.org/ontology/founder>   ?v0.  }| select * where {     ?v0   <http://dbpedia.org/ontology/founder>   <http://dbpedia.org/resource/Penguin_Boks>.  }"|
"15262",
"15263","select * where {     <http://dbpedia.org/resource/Che_Guevara>   <http://dbpedia.org/ontology/child>   ?v0.  }| select * where {     ?v0   <http://dbpedia.org/ontology/child>   <http://dbpedia.org/resource/Che_Guevara>.  }"|
"15264","select * where {     ?v0   a   <http://dbpedia.org/ontology/Musical>.    ?v0   <http://dbpedia.org/ontology/musicBy>   <http://dbpedia.org/resource/Elton_John>.  }"|
"15265",
"15266",
"15267","select * where {     <http://dbpedia.org/resource/Pulp_Fiction>   <http://dbpedia.org/ontology/budget>   ?l0.  }"|
"15268","select * where {     http://dbpedia.org/ontology/Airline   ?p   ?v0.  }"|
"15269",
"15270",
"15271",
"15272",
"15273","select * where {     <http://dbpedia.org/resource/French_Polynesia>   <http://dbpedia.org/ontology/capital>   ?v0.    <http://dbpedia.org/resource/French_Polynesia>   <http://dbpedia.org/ontology/mayor>   ?v1.  }| select * where {     <http://dbpedia.org/resource/French_Polynesia>   <http://dbpedia.org/ontology/capital>   ?v0.    ?v0   <http://dbpedia.org/ontology/mayor>   ?v1.  }| select * where {     ?v0   <http://dbpedia.org/ontology/capital>   <http://dbpedia.org/resource/French_Polynesia>.    <http://dbpedia.org/resource/French_Polynesia>   <http://dbpedia.org/ontology/mayor>   ?v1.  }| select * where {     ?v0   <http://dbpedia.org/ontology/capital>   <http://dbpedia.org/resource/French_Polynesia>.    ?v0   <http://dbpedia.org/ontology/mayor>   ?v1.  }"|
"15274","select * where {     ?v0   <http://dbpedia.org/ontology/creator>   <http://dbpedia.org/resource/Count_Dracula>.    <http://dbpedia.org/resource/Count_Dracula>   <http://dbpedia.org/ontology/deathDate>   ?l0.  }"|
"15275","select * where {     <http://dbpedia.org/resource/Palace_of_Westminster>   <http://dbpedia.org/ontology/location>   ?v0.  }| select * where {     ?v0   <http://dbpedia.org/ontology/location>   <http://dbpedia.org/resource/Palace_of_Westminster>.  }"|
"15276",
"15277",
"15278",
"15279","select * where {     http://dbpedia.org/ontology/populationTotal   ?p   ?v0.  }"|
"15280","select * where {     <http://dbpedia.org/resource/Air_China>   <http://dbpedia.org/ontology/targetAirport>   ?v0.  }"|
"15281","select * where {     <http://dbpedia.org/resource/Rachel_Stevens>   <http://dbpedia.org/ontology/birthYear>   ?l0.  }"|
"15282","select * where {     <http://dbpedia.org/resource/John_F._Kenedy>   <http://dbpedia.org/ontology/deathPlace>   ?v0.  }| select * where {     ?v0   <http://dbpedia.org/ontology/deathPlace>   <http://dbpedia.org/resource/John_F._Kenedy>.  }"|
"15283",
"15284",
"15285",
"15286",
"15287",
"15288","select * where {     <http://dbpedia.org/resource/Facebok>   <http://dbpedia.org/ontology/foundedBy>   ?v0.  }| select * where {     ?v0   <http://dbpedia.org/ontology/foundedBy>   <http://dbpedia.org/resource/Facebok>.  }"|
"15289","select * where {     <http://dbpedia.org/resource/Melon_de_Bourgogne>   <http://dbpedia.org/ontology/wineRegion>   ?v0.  }"|
"15290","select * where {     <http://dbpedia.org/resource/Socrates>   <http://dbpedia.org/ontology/influencedBy>   ?v0.  }| select * where {     ?v0   <http://dbpedia.org/ontology/influencedBy>   <http://dbpedia.org/resource/Socrates>.  }"|
"15291",
"15292",
"15293",
"15294","select * where {     <http://dbpedia.org/resource/Jacques_Chirac>   <http://dbpedia.org/ontology/spouse>   ?v0.  }| select * where {     ?v0   <http://dbpedia.org/ontology/spouse>   <http://dbpedia.org/resource/Jacques_Chirac>.  }"|
"15295",
"15296",
"15297","select * where {     <http://dbpedia.org/resource/Hilel_Slovak>   <http://dbpedia.org/ontology/deathPlace>   ?v0.  }| select * where {     ?v0   <http://dbpedia.org/ontology/deathPlace>   <http://dbpedia.org/resource/Hilel_Slovak>.  }"|
"15298",
"15299","select * where {     <http://dbpedia.org/resource/Chile_Route_68>   <http://dbpedia.org/ontology/routeEnd>   ?v0.  }| select * where {     ?v0   <http://dbpedia.org/ontology/routeEnd>   <http://dbpedia.org/resource/Chile_Route_68>.  }"|
"15300",
"15301",
"15302",
"15303",
"15304",
"15305",
"15306",
"15307",
"15308",
"15309",
"15310",
"15311",
"15312",
"15313",
"15314",
"15315",
"15316",
"15317",
"15318",
"15319",
"15320",
"15321",
"15322",
"15323",
"15324",
"15325",
"15326",
"15327",
"15328",
"15329",
"15330",
"15331",
"15332",
"15333",
"15334",
"15335",
"15336",
"15337",
"15338",
"15339",
